allele,seq_num,start,end,length,peptide,ic50,percentile_rank
H-2-Dd,7,3,11,9,SSPGGRVFF,744.72,0.04
H-2-Ld,27,6,14,9,RPGGYAEQF,861.16,0.13
H-2-Kd,9,5,13,9,SWGANTQYF,2099.32,0.74
H-2-Kd,2,4,12,9,SFSGADTEV,2373.36,0.82
H-2-Ld,39,4,12,9,RPTGIYEQY,3061.34,0.39
H-2-Dd,28,7,15,9,VGGYAEQFF,5387.08,0.37
H-2-Dd,3,6,14,9,AGTYYAEQF,6159.30,0.43
H-2-Ld,34,4,12,9,RPTGSYEQY,6710.53,0.87
H-2-Dd,18,5,13,9,LGTGNTEVF,7749.97,0.6
H-2-Dd,36,5,13,9,SGTNTEVFF,7897.76,0.62
H-2-Dd,32,3,11,9,SGGGYEQYF,7935.88,0.62
H-2-Dd,2,6,14,9,SGADTEVFF,8795.95,0.76
H-2-Ld,29,3,11,9,SAQGYEQYF,8992.25,1.4
H-2-Dd,37,6,14,9,WGVYAEQFF,9034.57,0.81
H-2-Dd,1,7,15,9,TGGYAEQFF,9132.57,0.82
H-2-Dd,10,7,15,9,TGGYAEQFF,9132.57,0.82
H-2-Dd,15,7,15,9,TGGYAEQFF,9132.57,0.82
H-2-Dd,19,7,15,9,TGGYAEQFF,9132.57,0.82
H-2-Dd,42,7,15,9,TGGYAEQFF,9132.57,0.82
H-2-Dd,8,7,15,9,LGGYAEQFF,9154.33,0.83
H-2-Dd,16,6,14,9,TGNYAEQFF,9812.71,0.92
H-2-Dd,36,4,12,9,SSGTNTEVF,9897.05,0.94
H-2-Ld,2,6,14,9,SGADTEVFF,10105.79,1.6
H-2-Kd,18,4,12,9,SLGTGNTEV,10151.16,4.6
H-2-Dd,38,6,14,9,TGTNTEVFF,10344.30,1.2
H-2-Ld,22,4,12,9,SGREGAEQF,11221.40,1.8
H-2-Ld,16,6,14,9,TGNYAEQFF,11357.96,1.9
H-2-Ld,36,5,13,9,SGTNTEVFF,11663.70,1.9
H-2-Kd,15,3,11,9,SSIKTGGYA,12209.13,6.1
H-2-Kd,8,3,11,9,SSLRLGGYA,12282.14,6.2
H-2-Ld,32,3,11,9,SGGGYEQYF,12467.71,2.2
H-2-Kd,7,3,11,9,SSPGGRVFF,12559.24,6.4
H-2-Dd,20,7,15,9,QGGYAEQFF,12569.57,1.6
H-2-Dd,21,7,15,9,QGGYAEQFF,12569.57,1.6
H-2-Dd,24,7,15,9,QGGYAEQFF,12569.57,1.6
H-2-Dd,16,5,13,9,RTGNYAEQF,12679.11,1.6
H-2-Kd,36,3,11,9,SSSGTNTEV,13452.02,7.2
H-2-Kd,37,5,13,9,FWGVYAEQF,13709.75,7.4
H-2-Kd,1,3,11,9,SSLRTGGYA,13963.96,7.6
H-2-Ld,38,6,14,9,TGTNTEVFF,14140.17,2.7
H-2-Ld,36,4,12,9,SSGTNTEVF,14579.99,2.8
H-2-Dd,22,4,12,9,SGREGAEQF,14590.72,2.1
H-2-Ld,7,3,11,9,SSPGGRVFF,14604.94,2.8
H-2-Ld,28,7,15,9,VGGYAEQFF,14655.60,2.8
H-2-Kd,42,3,11,9,SSLKTGGYA,14659.72,8.3
H-2-Kd,20,3,11,9,SSIRQGGYA,14686.07,8.3
H-2-Ld,20,7,15,9,QGGYAEQFF,15272.87,3.0
H-2-Ld,21,7,15,9,QGGYAEQFF,15272.87,3.0
H-2-Ld,24,7,15,9,QGGYAEQFF,15272.87,3.0
H-2-Ld,1,7,15,9,TGGYAEQFF,15282.29,3.0
H-2-Ld,10,7,15,9,TGGYAEQFF,15282.29,3.0
H-2-Ld,15,7,15,9,TGGYAEQFF,15282.29,3.0
H-2-Ld,19,7,15,9,TGGYAEQFF,15282.29,3.0
H-2-Ld,42,7,15,9,TGGYAEQFF,15282.29,3.0
H-2-Kd,36,4,12,9,SSGTNTEVF,15349.23,9.0
H-2-Ld,37,6,14,9,WGVYAEQFF,15421.98,3.1
H-2-Ld,9,5,13,9,SWGANTQYF,15621.16,3.1
H-2-Dd,1,6,14,9,RTGGYAEQF,15716.10,2.4
H-2-Dd,10,6,14,9,RTGGYAEQF,15716.10,2.4
H-2-Dd,19,6,14,9,RTGGYAEQF,15716.10,2.4
H-2-Kd,38,4,12,9,SETGTNTEV,15878.48,9.5
H-2-Kd,27,3,11,9,SSLRPGGYA,16198.98,9.9
H-2-Ld,12,5,13,9,DGWGQEQYF,16356.61,3.4
H-2-Ld,3,6,14,9,AGTYYAEQF,16437.69,3.4
H-2-Ld,18,5,13,9,LGTGNTEVF,16691.83,3.5
H-2-Kd,28,3,11,9,SSQRVGGYA,16782.92,12
H-2-Kd,24,3,11,9,SSLRQGGYA,16903.55,12
H-2-Ld,8,7,15,9,LGGYAEQFF,17193.71,3.7
H-2-Kd,20,6,14,9,RQGGYAEQF,17307.38,12
H-2-Kd,21,6,14,9,RQGGYAEQF,17307.38,12
H-2-Kd,24,6,14,9,RQGGYAEQF,17307.38,12
H-2-Dd,6,3,11,9,SSDVGERLF,17468.61,3.1
H-2-Ld,43,5,13,9,RPGVGYAEQ,17594.94,3.9
H-2-Kd,16,2,10,9,ASARTGNYA,17732.93,13
H-2-Ld,28,6,14,9,RVGGYAEQF,18201.41,4.2
H-2-Kd,6,2,10,9,ASSDVGERL,18212.24,14
H-2-Kd,29,3,11,9,SAQGYEQYF,18252.68,14
H-2-Kd,21,3,11,9,SALRQGGYA,18301.14,14
H-2-Dd,9,5,13,9,SWGANTQYF,18387.87,3.4
H-2-Kd,5,4,12,9,SRTGGEQYF,18674.18,14
H-2-Ld,7,2,10,9,ASSPGGRVF,18750.71,4.5
H-2-Kd,2,6,14,9,SGADTEVFF,18845.29,14
H-2-Ld,6,4,12,9,SDVGERLFF,18852.83,4.5
H-2-Kd,43,3,11,9,SSRPGVGYA,18872.22,15
H-2-Kd,10,3,11,9,SSSRTGGYA,18969.88,15
H-2-Dd,29,3,11,9,SAQGYEQYF,19298.01,3.9
H-2-Dd,15,6,14,9,KTGGYAEQF,19355.29,3.9
H-2-Dd,42,6,14,9,KTGGYAEQF,19355.29,3.9
H-2-Kd,19,3,11,9,SSTRTGGYA,19401.63,15
H-2-Ld,20,6,14,9,RQGGYAEQF,19454.82,4.9
H-2-Ld,21,6,14,9,RQGGYAEQF,19454.82,4.9
H-2-Ld,24,6,14,9,RQGGYAEQF,19454.82,4.9
H-2-Ld,8,6,14,9,RLGGYAEQF,19555.27,4.9
H-2-Ld,23,5,13,9,DGGSYEQYF,19761.81,5.0
H-2-Kd,3,7,15,9,GTYYAEQFF,19878.46,16
H-2-Kd,7,1,9,9,CASSPGGRV,19910.32,16
H-2-Dd,20,6,14,9,RQGGYAEQF,19999.49,4.2
H-2-Dd,21,6,14,9,RQGGYAEQF,19999.49,4.2
H-2-Dd,24,6,14,9,RQGGYAEQF,19999.49,4.2
H-2-Ld,37,1,9,9,CASSFWGVY,20214.65,5.3
H-2-Kd,3,3,11,9,SGDAGTYYA,20248.14,17
H-2-Kd,18,5,13,9,LGTGNTEVF,20290.91,17
H-2-Dd,23,5,13,9,DGGSYEQYF,20329.80,4.4
H-2-Kd,36,5,13,9,SGTNTEVFF,20561.86,17
H-2-Kd,22,4,12,9,SGREGAEQF,20565.65,17
H-2-Dd,2,5,13,9,FSGADTEVF,20920.92,4.8
H-2-Dd,17,3,11,9,SSSTDEQYF,21004.85,4.8
H-2-Ld,16,5,13,9,RTGNYAEQF,21012.80,5.8
H-2-Dd,7,2,10,9,ASSPGGRVF,21015.06,4.8
H-2-Kd,7,2,10,9,ASSPGGRVF,21047.62,18
H-2-Dd,3,7,15,9,GTYYAEQFF,21410.74,5.1
H-2-Ld,1,6,14,9,RTGGYAEQF,21811.04,6.4
H-2-Ld,10,6,14,9,RTGGYAEQF,21811.04,6.4
H-2-Ld,19,6,14,9,RTGGYAEQF,21811.04,6.4
H-2-Ld,8,3,11,9,SSLRLGGYA,22091.06,6.5
H-2-Ld,2,5,13,9,FSGADTEVF,22180.88,6.6
H-2-Dd,43,6,14,9,PGVGYAEQF,22644.03,5.9
H-2-Dd,6,2,10,9,ASSDVGERL,22654.81,5.9
H-2-Kd,6,4,12,9,SDVGERLFF,22683.50,21
H-2-Dd,13,2,10,9,ASGDAEVFF,22773.27,6.0
H-2-Ld,6,2,10,9,ASSDVGERL,22784.61,7.1
H-2-Kd,37,6,14,9,WGVYAEQFF,22813.96,21
H-2-Kd,8,6,14,9,RLGGYAEQF,22867.84,21
H-2-Ld,17,3,11,9,SSSTDEQYF,22915.39,7.2
H-2-Kd,31,6,14,9,GDITYEQYF,22980.45,21
H-2-Dd,8,6,14,9,RLGGYAEQF,23022.25,6.2
H-2-Dd,28,6,14,9,RVGGYAEQF,23208.58,6.3
H-2-Dd,27,7,15,9,PGGYAEQFF,23369.34,6.4
H-2-Kd,32,3,11,9,SGGGYEQYF,23625.10,22
H-2-Ld,6,3,11,9,SSDVGERLF,23746.06,7.9
H-2-Kd,17,3,11,9,SSSTDEQYF,23810.90,23
H-2-Ld,3,7,15,9,GTYYAEQFF,23829.20,8.0
H-2-Kd,36,1,9,9,CASSSGTNT,24192.37,23
H-2-Kd,3,6,14,9,AGTYYAEQF,24202.06,23
H-2-Dd,3,3,11,9,SGDAGTYYA,24299.67,7.2
H-2-Ld,15,6,14,9,KTGGYAEQF,24329.93,8.4
H-2-Ld,42,6,14,9,KTGGYAEQF,24329.93,8.4
H-2-Dd,37,5,13,9,FWGVYAEQF,24550.74,7.4
H-2-Ld,3,3,11,9,SGDAGTYYA,24615.10,8.7
H-2-Dd,12,5,13,9,DGWGQEQYF,24866.72,7.7
H-2-Kd,2,5,13,9,FSGADTEVF,24879.65,25
H-2-Ld,9,4,12,9,SSWGANTQY,24948.39,9.0
H-2-Ld,31,6,14,9,GDITYEQYF,25106.79,9.2
H-2-Ld,26,6,14,9,RDRGAEQFF,25370.04,9.4
H-2-Ld,13,2,10,9,ASGDAEVFF,25433.24,9.5
H-2-Ld,28,3,11,9,SSQRVGGYA,25569.55,9.6
H-2-Kd,2,3,11,9,SSFSGADTE,25658.52,27
H-2-Kd,28,6,14,9,RVGGYAEQF,25696.85,27
H-2-Kd,9,4,12,9,SSWGANTQY,25788.49,27
H-2-Kd,13,1,9,9,CASGDAEVF,25891.66,27
H-2-Dd,6,4,12,9,SDVGERLFF,25998.90,8.8
H-2-Kd,16,5,13,9,RTGNYAEQF,26071.57,27
H-2-Kd,38,6,14,9,TGTNTEVFF,26083.14,27
H-2-Kd,37,2,10,9,ASSFWGVYA,26196.56,28
H-2-Dd,37,1,9,9,CASSFWGVY,26447.18,9.3
H-2-Kd,16,6,14,9,TGNYAEQFF,26471.79,28
H-2-Kd,1,6,14,9,RTGGYAEQF,26630.36,29
H-2-Kd,10,6,14,9,RTGGYAEQF,26630.36,29
H-2-Kd,19,6,14,9,RTGGYAEQF,26630.36,29
H-2-Ld,37,5,13,9,FWGVYAEQF,26651.41,12
H-2-Ld,38,5,13,9,ETGTNTEVF,26714.06,12
H-2-Dd,20,3,11,9,SSIRQGGYA,26870.31,9.8
H-2-Dd,8,3,11,9,SSLRLGGYA,27216.45,12
H-2-Kd,1,1,9,9,CASSLRTGG,27336.56,31
H-2-Kd,15,6,14,9,KTGGYAEQF,27493.49,31
H-2-Kd,42,6,14,9,KTGGYAEQF,27493.49,31
H-2-Kd,6,3,11,9,SSDVGERLF,27628.57,31
H-2-Ld,27,3,11,9,SSLRPGGYA,27754.10,14
H-2-Ld,13,1,9,9,CASGDAEVF,27758.91,14
H-2-Dd,37,3,11,9,SSFWGVYAE,27884.44,13
H-2-Dd,13,1,9,9,CASGDAEVF,28069.99,13
H-2-Ld,42,3,11,9,SSLKTGGYA,28085.49,14
H-2-Dd,27,3,11,9,SSLRPGGYA,28398.71,13
H-2-Kd,38,5,13,9,ETGTNTEVF,28405.15,33
H-2-Ld,15,3,11,9,SSIKTGGYA,28594.48,15
H-2-Ld,1,3,11,9,SSLRTGGYA,28613.98,15
H-2-Kd,35,5,13,9,GTDQDTQYF,28630.39,34
H-2-Dd,15,3,11,9,SSIKTGGYA,28691.19,14
H-2-Ld,37,3,11,9,SSFWGVYAE,28739.96,15
H-2-Kd,9,2,10,9,ASSSWGANT,28790.07,34
H-2-Kd,28,7,15,9,VGGYAEQFF,28869.29,35
H-2-Dd,1,3,11,9,SSLRTGGYA,28947.48,14
H-2-Kd,37,3,11,9,SSFWGVYAE,29023.39,35
H-2-Kd,22,1,9,9,CASSGREGA,29102.62,35
H-2-Dd,10,3,11,9,SSSRTGGYA,29110.50,14
H-2-Dd,29,2,10,9,ASAQGYEQY,29166.00,14
H-2-Kd,4,5,13,9,GDSQDTQYF,29215.26,36
H-2-Dd,27,6,14,9,RPGGYAEQF,29263.67,15
H-2-Kd,26,6,14,9,RDRGAEQFF,29302.00,36
H-2-Kd,37,4,12,9,SFWGVYAEQ,29321.34,36
H-2-Ld,21,3,11,9,SALRQGGYA,29457.12,16
H-2-Ld,43,3,11,9,SSRPGVGYA,29457.45,16
H-2-Dd,24,3,11,9,SSLRQGGYA,29571.44,15
H-2-Kd,27,6,14,9,RPGGYAEQF,29697.14,37
H-2-Dd,38,5,13,9,ETGTNTEVF,29714.17,15
H-2-Dd,19,3,11,9,SSTRTGGYA,29763.73,15
H-2-Kd,28,4,12,9,SQRVGGYAE,29766.62,37
H-2-Dd,28,3,11,9,SSQRVGGYA,29771.46,15
H-2-Kd,29,2,10,9,ASAQGYEQY,30007.21,38
H-2-Kd,12,5,13,9,DGWGQEQYF,30077.42,38
H-2-Kd,1,7,15,9,TGGYAEQFF,30085.88,38
H-2-Kd,10,7,15,9,TGGYAEQFF,30085.88,38
H-2-Kd,15,7,15,9,TGGYAEQFF,30085.88,38
H-2-Kd,19,7,15,9,TGGYAEQFF,30085.88,38
H-2-Kd,42,7,15,9,TGGYAEQFF,30085.88,38
H-2-Kd,43,6,14,9,PGVGYAEQF,30088.81,38
H-2-Kd,22,5,13,9,GREGAEQFF,30222.26,39
H-2-Ld,36,3,11,9,SSSGTNTEV,30240.90,17
H-2-Dd,36,3,11,9,SSSGTNTEV,30345.79,16
H-2-Kd,38,2,10,9,ASSETGTNT,30347.10,39
H-2-Ld,31,5,13,9,DGDITYEQY,30359.92,17
H-2-Kd,8,7,15,9,LGGYAEQFF,30387.52,39
H-2-Kd,18,6,14,9,GTGNTEVFF,30394.42,39
H-2-Dd,18,6,14,9,GTGNTEVFF,30558.63,17
H-2-Kd,19,1,9,9,CASSTRTGG,30594.70,40
H-2-Kd,13,2,10,9,ASGDAEVFF,30613.25,40
H-2-Dd,16,2,10,9,ASARTGNYA,30625.83,17
H-2-Dd,37,2,10,9,ASSFWGVYA,30707.11,17
H-2-Kd,10,1,9,9,CASSSRTGG,30719.75,40
H-2-Kd,37,1,9,9,CASSFWGVY,30759.00,40
H-2-Dd,43,3,11,9,SSRPGVGYA,30786.63,17
H-2-Kd,8,1,9,9,CASSLRLGG,30856.65,41
H-2-Ld,34,1,9,9,CASRPTGSY,31010.96,18
H-2-Kd,34,1,9,9,CASRPTGSY,31128.28,42
H-2-Ld,3,2,10,9,ASGDAGTYY,31131.65,19
H-2-Kd,20,7,15,9,QGGYAEQFF,31184.58,42
H-2-Kd,21,7,15,9,QGGYAEQFF,31184.58,42
H-2-Kd,24,7,15,9,QGGYAEQFF,31184.58,42
H-2-Ld,18,6,14,9,GTGNTEVFF,31206.51,19
H-2-Dd,42,3,11,9,SSLKTGGYA,31242.33,18
H-2-Ld,24,3,11,9,SSLRQGGYA,31256.87,19
H-2-Kd,20,1,9,9,CASSIRQGG,31351.02,42
H-2-Kd,24,1,9,9,CASSLRQGG,31367.30,43
H-2-Ld,43,6,14,9,PGVGYAEQF,31505.06,19
H-2-Kd,42,1,9,9,CASSLKTGG,31544.97,43
H-2-Kd,15,1,9,9,CASSIKTGG,31546.68,43
H-2-Dd,35,5,13,9,GTDQDTQYF,31583.22,19
H-2-Ld,20,3,11,9,SSIRQGGYA,31618.09,20
H-2-Ld,43,7,15,9,GVGYAEQFF,31628.37,20
H-2-Kd,26,5,13,9,ERDRGAEQF,31655.75,43
H-2-Kd,43,7,15,9,GVGYAEQFF,31660.55,43
H-2-Kd,3,2,10,9,ASGDAGTYY,31671.52,44
H-2-Dd,16,1,9,9,CASARTGNY,31733.59,19
H-2-Kd,34,2,10,9,ASRPTGSYE,31766.57,44
H-2-Dd,7,1,9,9,CASSPGGRV,31772.41,19
H-2-Dd,21,2,10,9,ASALRQGGY,31780.32,19
H-2-Dd,34,5,13,9,PTGSYEQYF,31794.43,19
H-2-Dd,8,2,10,9,ASSLRLGGY,31847.11,19
H-2-Dd,39,5,13,9,PTGIYEQYF,31898.14,19
H-2-Kd,21,1,9,9,CASALRQGG,31907.46,44
H-2-Dd,26,6,14,9,RDRGAEQFF,31919.55,19
H-2-Ld,37,2,10,9,ASSFWGVYA,31970.35,20
H-2-Kd,11,4,12,9,SERTGGEQY,31971.73,45
H-2-Ld,5,3,11,9,SSRTGGEQY,31973.81,20
H-2-Kd,18,1,9,9,CASSLGTGN,32009.82,45
H-2-Ld,7,1,9,9,CASSPGGRV,32089.58,20
H-2-Kd,18,3,11,9,SSLGTGNTE,32124.30,45
H-2-Ld,38,4,12,9,SETGTNTEV,32189.03,21
H-2-Dd,1,2,10,9,ASSLRTGGY,32279.02,20
H-2-Kd,18,2,10,9,ASSLGTGNT,32392.02,46
H-2-Kd,27,1,9,9,CASSLRPGG,32524.76,47
H-2-Ld,18,4,12,9,SLGTGNTEV,32663.01,22
H-2-Ld,16,2,10,9,ASARTGNYA,32725.63,22
H-2-Dd,9,4,12,9,SSWGANTQY,32835.92,21
H-2-Ld,29,2,10,9,ASAQGYEQY,32852.27,22
H-2-Ld,16,1,9,9,CASARTGNY,32912.75,22
H-2-Kd,2,1,9,9,CASSFSGAD,32980.12,49
H-2-Dd,10,2,10,9,ASSSRTGGY,33063.73,22
H-2-Kd,5,3,11,9,SSRTGGEQY,33149.35,49
H-2-Ld,2,4,12,9,SFSGADTEV,33175.53,23
H-2-Ld,10,3,11,9,SSSRTGGYA,33222.22,23
H-2-Kd,9,1,9,9,CASSSWGAN,33227.99,50
H-2-Ld,43,2,10,9,ASSRPGVGY,33238.77,23
H-2-Ld,27,7,15,9,PGGYAEQFF,33459.23,23
H-2-Kd,11,5,13,9,ERTGGEQYF,33484.23,51
H-2-Dd,34,1,9,9,CASRPTGSY,33492.57,23
H-2-Ld,4,4,12,9,SGDSQDTQY,33510.68,23
H-2-Ld,39,1,9,9,CASRPTGIY,33520.83,23
H-2-Ld,4,5,13,9,GDSQDTQYF,33581.46,23
H-2-Dd,19,2,10,9,ASSTRTGGY,33592.01,23
H-2-Kd,39,1,9,9,CASRPTGIY,33605.45,51
H-2-Ld,35,5,13,9,GTDQDTQYF,33609.09,23
H-2-Kd,23,1,9,9,CASSDGGSY,33634.54,51
H-2-Kd,16,1,9,9,CASARTGNY,33743.91,52
H-2-Ld,27,4,12,9,SLRPGGYAE,33848.49,24
H-2-Kd,2,2,10,9,ASSFSGADT,33916.31,52
H-2-Dd,28,2,10,9,ASSQRVGGY,33918.50,24
H-2-Kd,27,4,12,9,SLRPGGYAE,33965.52,53
H-2-Dd,24,2,10,9,ASSLRQGGY,34073.73,25
H-2-Dd,31,6,14,9,GDITYEQYF,34112.09,25
H-2-Kd,1,4,12,9,SLRTGGYAE,34241.52,54
H-2-Dd,39,1,9,9,CASRPTGIY,34256.34,25
H-2-Kd,3,1,9,9,CASGDAGTY,34277.48,54
H-2-Kd,24,4,12,9,SLRQGGYAE,34345.42,54
H-2-Dd,21,3,11,9,SALRQGGYA,34347.66,25
H-2-Dd,2,3,11,9,SSFSGADTE,34472.37,26
H-2-Dd,42,2,10,9,ASSLKTGGY,34508.56,26
H-2-Dd,43,2,10,9,ASSRPGVGY,34663.87,26
H-2-Kd,43,2,10,9,ASSRPGVGY,34738.21,56
H-2-Dd,27,2,10,9,ASSLRPGGY,34748.72,26
H-2-Dd,20,2,10,9,ASSIRQGGY,34813.84,27
H-2-Ld,34,5,13,9,PTGSYEQYF,34846.99,26
H-2-Kd,10,4,12,9,SSRTGGYAE,34883.96,57
H-2-Kd,39,4,12,9,RPTGIYEQY,34951.22,57
H-2-Dd,3,2,10,9,ASGDAGTYY,34961.05,27
H-2-Kd,42,4,12,9,SLKTGGYAE,34969.37,57
H-2-Kd,23,5,13,9,DGGSYEQYF,34985.27,57
H-2-Ld,20,4,12,9,SIRQGGYAE,34994.73,27
H-2-Ld,5,4,12,9,SRTGGEQYF,35027.31,27
H-2-Dd,15,2,10,9,ASSIKTGGY,35066.75,27
H-2-Kd,39,3,11,9,SRPTGIYEQ,35077.38,58
H-2-Ld,39,5,13,9,PTGIYEQYF,35080.80,27
H-2-Dd,43,7,15,9,GVGYAEQFF,35108.88,27
H-2-Dd,31,5,13,9,DGDITYEQY,35166.67,28
H-2-Ld,19,3,11,9,SSTRTGGYA,35253.16,27
H-2-Ld,2,3,11,9,SSFSGADTE,35280.25,27
H-2-Dd,32,2,10,9,ASGGGYEQY,35399.17,28
H-2-Ld,23,4,12,9,SDGGSYEQY,35416.02,28
H-2-Dd,4,4,12,9,SGDSQDTQY,35470.47,29
H-2-Kd,43,4,12,9,SRPGVGYAE,35490.45,60
H-2-Kd,39,2,10,9,ASRPTGIYE,35558.46,60
H-2-Dd,5,4,12,9,SRTGGEQYF,35635.88,29
H-2-Kd,23,2,10,9,ASSDGGSYE,35718.11,61
H-2-Ld,12,4,12,9,SDGWGQEQY,35731.63,29
H-2-Ld,8,4,12,9,SLRLGGYAE,35732.41,29
H-2-Ld,24,4,12,9,SLRQGGYAE,35798.96,29
H-2-Kd,10,2,10,9,ASSSRTGGY,35904.48,62
H-2-Ld,10,4,12,9,SSRTGGYAE,35932.47,29
H-2-Ld,39,2,10,9,ASRPTGIYE,35984.20,29
H-2-Kd,19,4,12,9,STRTGGYAE,36018.87,62
H-2-Kd,36,2,10,9,ASSSGTNTE,36050.45,62
H-2-Ld,28,4,12,9,SQRVGGYAE,36124.25,30
H-2-Kd,9,3,11,9,SSSWGANTQ,36192.71,63
H-2-Kd,34,5,13,9,PTGSYEQYF,36279.36,64
H-2-Ld,37,4,12,9,SFWGVYAEQ,36302.91,30
H-2-Ld,8,1,9,9,CASSLRLGG,36320.61,30
H-2-Dd,5,3,11,9,SSRTGGEQY,36324.92,32
H-2-Ld,23,1,9,9,CASSDGGSY,36326.49,30
H-2-Ld,11,4,12,9,SERTGGEQY,36425.28,31
H-2-Kd,38,3,11,9,SSETGTNTE,36459.99,65
H-2-Kd,16,3,11,9,SARTGNYAE,36471.82,65
H-2-Kd,32,2,10,9,ASGGGYEQY,36500.25,65
H-2-Kd,8,4,12,9,SLRLGGYAE,36504.58,65
H-2-Kd,34,4,12,9,RPTGSYEQY,36504.58,65
H-2-Ld,1,4,12,9,SLRTGGYAE,36557.16,31
H-2-Kd,21,2,10,9,ASALRQGGY,36610.60,65
H-2-Kd,34,3,11,9,SRPTGSYEQ,36632.78,65
H-2-Kd,23,4,12,9,SDGGSYEQY,36674.43,66
H-2-Ld,32,2,10,9,ASGGGYEQY,36717.31,31
H-2-Kd,20,4,12,9,SIRQGGYAE,36768.99,66
H-2-Kd,17,2,10,9,ASSSTDEQY,36787.68,66
H-2-Kd,19,2,10,9,ASSTRTGGY,36808.80,66
H-2-Kd,21,4,12,9,ALRQGGYAE,36898.50,67
H-2-Ld,19,4,12,9,STRTGGYAE,36908.09,32
H-2-Ld,17,2,10,9,ASSSTDEQY,36990.85,32
H-2-Ld,34,2,10,9,ASRPTGSYE,36992.85,32
H-2-Ld,16,3,11,9,SARTGNYAE,37005.26,32
H-2-Kd,27,7,15,9,PGGYAEQFF,37065.38,68
H-2-Kd,8,2,10,9,ASSLRLGGY,37109.91,68
H-2-Kd,28,1,9,9,CASSQRVGG,37161.33,68
H-2-Kd,8,5,13,9,LRLGGYAEQ,37215.65,68
H-2-Kd,11,1,9,9,CASSERTGG,37318.09,69
H-2-Ld,1,1,9,9,CASSLRTGG,37411.05,34
H-2-Dd,2,1,9,9,CASSFSGAD,37507.51,36
H-2-Kd,15,4,12,9,SIKTGGYAE,37548.54,70
H-2-Dd,8,1,9,9,CASSLRLGG,37559.92,36
H-2-Kd,1,2,10,9,ASSLRTGGY,37566.82,70
H-2-Kd,28,2,10,9,ASSQRVGGY,37632.32,71
H-2-Kd,16,4,12,9,ARTGNYAEQ,37904.88,72
H-2-Kd,20,5,13,9,IRQGGYAEQ,37910.62,72
H-2-Dd,43,1,9,9,CASSRPGVG,37915.14,38
H-2-Ld,15,4,12,9,SIKTGGYAE,38005.92,36
H-2-Ld,3,1,9,9,CASGDAGTY,38030.17,36
H-2-Ld,9,2,10,9,ASSSWGANT,38062.29,36
H-2-Kd,39,5,13,9,PTGIYEQYF,38084.95,73
H-2-Kd,10,5,13,9,SRTGGYAEQ,38117.51,73
H-2-Ld,36,1,9,9,CASSSGTNT,38122.05,36
H-2-Dd,26,5,13,9,ERDRGAEQF,38167.02,39
H-2-Kd,42,2,10,9,ASSLKTGGY,38313.09,74
H-2-Ld,21,2,10,9,ASALRQGGY,38398.58,37
H-2-Dd,1,1,9,9,CASSLRTGG,38414.36,40
H-2-Ld,42,4,12,9,SLKTGGYAE,38498.01,38
H-2-Kd,21,5,13,9,LRQGGYAEQ,38506.75,75
H-2-Kd,24,5,13,9,LRQGGYAEQ,38506.75,75
H-2-Ld,31,2,10,9,ASGDGDITY,38508.41,38
H-2-Kd,6,1,9,9,CASSDVGER,38560.13,76
H-2-Kd,31,3,11,9,SGDGDITYE,38622.75,76
H-2-Ld,21,4,12,9,ALRQGGYAE,38629.02,38
H-2-Dd,9,3,11,9,SSSWGANTQ,38665.39,41
H-2-Ld,27,1,9,9,CASSLRPGG,38681.73,38
H-2-Dd,17,2,10,9,ASSSTDEQY,38684.64,41
H-2-Ld,1,2,10,9,ASSLRTGGY,38685.89,38
H-2-Dd,9,2,10,9,ASSSWGANT,38690.08,41
H-2-Kd,15,2,10,9,ASSIKTGGY,38701.39,76
H-2-Dd,3,1,9,9,CASGDAGTY,38731.97,41
H-2-Ld,26,5,13,9,ERDRGAEQF,38735.32,39
H-2-Ld,8,2,10,9,ASSLRLGGY,38741.62,39
H-2-Dd,23,1,9,9,CASSDGGSY,38755.44,41
H-2-Kd,43,1,9,9,CASSRPGVG,38773.91,77
H-2-Dd,18,4,12,9,SLGTGNTEV,38838.98,42
H-2-Ld,10,2,10,9,ASSSRTGGY,38841.09,39
H-2-Kd,4,4,12,9,SGDSQDTQY,38910.48,78
H-2-Ld,18,3,11,9,SSLGTGNTE,38961.03,40
H-2-Dd,43,4,12,9,SRPGVGYAE,38998.59,43
H-2-Ld,9,1,9,9,CASSSWGAN,39039.10,40
H-2-Kd,38,1,9,9,CASSETGTN,39057.68,78
H-2-Dd,34,2,10,9,ASRPTGSYE,39142.31,43
H-2-Dd,39,4,12,9,RPTGIYEQY,39160.51,43
H-2-Ld,27,2,10,9,ASSLRPGGY,39169.00,40
H-2-Ld,42,2,10,9,ASSLKTGGY,39182.57,41
H-2-Kd,24,2,10,9,ASSLRQGGY,39248.75,79
H-2-Kd,17,1,9,9,CASSSTDEQ,39255.13,79
H-2-Ld,28,2,10,9,ASSQRVGGY,39275.95,41
H-2-Dd,2,4,12,9,SFSGADTEV,39319.74,44
H-2-Ld,19,2,10,9,ASSTRTGGY,39394.26,41
H-2-Dd,24,1,9,9,CASSLRQGG,39424.96,45
H-2-Ld,24,2,10,9,ASSLRQGGY,39454.82,42
H-2-Dd,10,4,12,9,SSRTGGYAE,39469.76,45
H-2-Kd,27,5,13,9,LRPGGYAEQ,39480.02,81
H-2-Kd,20,2,10,9,ASSIRQGGY,39512.50,81
H-2-Kd,26,2,10,9,ASSERDRGA,39518.05,81
H-2-Dd,31,2,10,9,ASGDGDITY,39518.05,45
H-2-Dd,31,3,11,9,SGDGDITYE,39527.05,45
H-2-Dd,22,1,9,9,CASSGREGA,39578.83,46
H-2-Kd,12,4,12,9,SDGWGQEQY,39579.24,81
H-2-Dd,21,1,9,9,CASALRQGG,39625.52,46
H-2-Dd,39,2,10,9,ASRPTGIYE,39633.67,46
H-2-Dd,10,1,9,9,CASSSRTGG,39648.24,46
H-2-Ld,24,1,9,9,CASSLRQGG,39655.12,43
H-2-Kd,4,1,9,9,CASSGDSQD,39660.70,82
H-2-Ld,21,1,9,9,CASALRQGG,39668.86,43
H-2-Kd,28,5,13,9,QRVGGYAEQ,39746.60,82
H-2-Dd,4,5,13,9,GDSQDTQYF,39800.83,47
H-2-Dd,9,1,9,9,CASSSWGAN,39820.21,47
H-2-Dd,20,1,9,9,CASSIRQGG,39832.72,47
H-2-Ld,15,2,10,9,ASSIKTGGY,39845.21,44
H-2-Dd,26,2,10,9,ASSERDRGA,39874.98,47
H-2-Ld,42,1,9,9,CASSLKTGG,39888.79,44
H-2-Kd,26,1,9,9,CASSERDRG,39923.76,83
H-2-Ld,22,1,9,9,CASSGREGA,39970.88,44
H-2-Dd,36,1,9,9,CASSSGTNT,39973.90,48
H-2-Kd,5,1,9,9,CASSRTGGE,39989.03,83
H-2-Kd,27,2,10,9,ASSLRPGGY,40012.84,83
H-2-Ld,20,2,10,9,ASSIRQGGY,40104.73,45
H-2-Ld,20,1,9,9,CASSIRQGG,40156.39,45
H-2-Kd,31,1,9,9,CASGDGDIT,40222.48,84
H-2-Dd,19,1,9,9,CASSTRTGG,40250.36,49
H-2-Kd,11,3,11,9,SSERTGGEQ,40279.10,85
H-2-Kd,5,2,10,9,ASSRTGGEQ,40298.72,85
H-2-Dd,27,1,9,9,CASSLRPGG,40302.23,50
H-2-Dd,18,2,10,9,ASSLGTGNT,40311.38,50
H-2-Kd,19,5,13,9,TRTGGYAEQ,40311.38,85
H-2-Kd,31,2,10,9,ASGDGDITY,40422.75,85
H-2-Kd,3,4,12,9,GDAGTYYAE,40434.11,85
H-2-Ld,9,3,11,9,SSSWGANTQ,40496.75,47
H-2-Kd,26,3,11,9,SSERDRGAE,40498.50,86
H-2-Dd,42,1,9,9,CASSLKTGG,40552.86,51
H-2-Ld,15,1,9,9,CASSIKTGG,40583.15,47
H-2-Ld,29,1,9,9,CASAQGYEQ,40594.12,47
H-2-Dd,2,2,10,9,ASSFSGADT,40641.59,52
H-2-Dd,22,5,13,9,GREGAEQFF,40724.78,52
H-2-Ld,22,5,13,9,GREGAEQFF,40779.00,48
H-2-Dd,39,3,11,9,SRPTGIYEQ,40806.81,53
H-2-Kd,1,5,13,9,LRTGGYAEQ,40871.34,88
H-2-Ld,38,2,10,9,ASSETGTNT,40877.08,49
H-2-Ld,31,3,11,9,SGDGDITYE,40915.14,49
H-2-Kd,12,2,10,9,ASSDGWGQE,40936.84,88
H-2-Dd,23,4,12,9,SDGGSYEQY,40945.68,54
H-2-Dd,15,1,9,9,CASSIKTGG,40950.12,54
H-2-Dd,27,5,13,9,LRPGGYAEQ,40996.68,54
H-2-Dd,34,4,12,9,RPTGSYEQY,41099.25,55
H-2-Dd,34,3,11,9,SRPTGSYEQ,41115.27,55
H-2-Dd,23,2,10,9,ASSDGGSYE,41153.10,55
H-2-Ld,18,1,9,9,CASSLGTGN,41159.33,51
H-2-Dd,36,2,10,9,ASSSGTNTE,41190.54,55
H-2-Dd,38,4,12,9,SETGTNTEV,41254.77,56
H-2-Kd,4,2,10,9,ASSGDSQDT,41263.68,89
H-2-Dd,19,4,12,9,STRTGGYAE,41294.05,56
H-2-Kd,35,1,9,9,CASGGTDQD,41308.36,90
H-2-Ld,11,5,13,9,ERTGGEQYF,41333.38,52
H-2-Dd,28,1,9,9,CASSQRVGG,41387.10,57
H-2-Kd,26,4,12,9,SERDRGAEQ,41431.00,90
H-2-Ld,2,1,9,9,CASSFSGAD,41461.95,53
H-2-Ld,19,1,9,9,CASSTRTGG,41465.08,53
H-2-Kd,11,2,10,9,ASSERTGGE,41465.96,90
H-2-Dd,23,3,11,9,SSDGGSYEQ,41468.67,57
H-2-Dd,11,2,10,9,ASSERTGGE,41474.95,57
H-2-Dd,38,3,11,9,SSETGTNTE,41499.19,57
H-2-Ld,2,2,10,9,ASSFSGADT,41518.49,53
H-2-Kd,32,1,9,9,CASGGGYEQ,41529.74,91
H-2-Kd,31,5,13,9,DGDITYEQY,41622.41,91
H-2-Dd,38,2,10,9,ASSETGTNT,41659.36,59
H-2-Dd,18,3,11,9,SSLGTGNTE,41667.90,59
H-2-Dd,16,3,11,9,SARTGNYAE,41694.97,59
H-2-Kd,29,1,9,9,CASAQGYEQ,41706.70,91
H-2-Ld,32,1,9,9,CASGGGYEQ,41759.53,54
H-2-Kd,43,5,13,9,RPGVGYAEQ,41821.03,92
H-2-Ld,23,3,11,9,SSDGGSYEQ,41826.02,55
H-2-Dd,5,1,9,9,CASSRTGGE,41836.86,60
H-2-Ld,10,1,9,9,CASSSRTGG,41920.70,56
H-2-Dd,12,4,12,9,SDGWGQEQY,41921.16,60
H-2-Dd,26,1,9,9,CASSERDRG,41977.89,61
H-2-Dd,28,4,12,9,SQRVGGYAE,42035.16,61
H-2-Ld,18,2,10,9,ASSLGTGNT,42082.03,57
H-2-Dd,11,5,13,9,ERTGGEQYF,42097.07,62
H-2-Dd,12,2,10,9,ASSDGWGQE,42105.24,62
H-2-Kd,23,3,11,9,SSDGGSYEQ,42117.54,93
H-2-Kd,12,3,11,9,SSDGWGQEQ,42224.78,93
H-2-Kd,22,3,11,9,SSGREGAEQ,42254.93,93
H-2-Kd,4,3,11,9,SSGDSQDTQ,42389.11,94
H-2-Dd,11,1,9,9,CASSERTGG,42512.20,65
H-2-Kd,12,1,9,9,CASSDGWGQ,42563.30,94
H-2-Ld,3,5,13,9,DAGTYYAEQ,42576.64,60
H-2-Kd,22,2,10,9,ASSGREGAE,42619.97,95
H-2-Ld,23,2,10,9,ASSDGGSYE,42623.68,61
H-2-Ld,43,1,9,9,CASSRPGVG,42637.51,61
H-2-Dd,26,3,11,9,SSERDRGAE,42661.96,66
H-2-Ld,12,3,11,9,SSDGWGQEQ,42673.49,61
H-2-Ld,26,4,12,9,SERDRGAEQ,42684.11,61
H-2-Ld,3,4,12,9,GDAGTYYAE,42704.46,61
H-2-Kd,35,4,12,9,GGTDQDTQY,42752.08,95
H-2-Dd,18,1,9,9,CASSLGTGN,42808.09,67
H-2-Dd,12,3,11,9,SSDGWGQEQ,42814.57,67
H-2-Ld,35,4,12,9,GGTDQDTQY,42873.89,63
H-2-Dd,35,4,12,9,GGTDQDTQY,42938.89,68
H-2-Kd,35,2,10,9,ASGGTDQDT,43078.96,96
H-2-Dd,22,3,11,9,SSGREGAEQ,43080.83,70
H-2-Ld,20,5,13,9,IRQGGYAEQ,43103.67,64
H-2-Ld,28,1,9,9,CASSQRVGG,43149.39,65
H-2-Dd,35,1,9,9,CASGGTDQD,43179.77,70
H-2-Kd,15,5,13,9,IKTGGYAEQ,43184.41,96
H-2-Dd,22,2,10,9,ASSGREGAE,43201.71,71
H-2-Ld,12,2,10,9,ASSDGWGQE,43229.78,65
H-2-Dd,17,1,9,9,CASSSTDEQ,43248.02,71
H-2-Ld,36,2,10,9,ASSSGTNTE,43343.59,66
H-2-Dd,8,4,12,9,SLRLGGYAE,43351.56,72
H-2-Dd,29,1,9,9,CASAQGYEQ,43369.37,72
H-2-Dd,38,1,9,9,CASSETGTN,43381.12,72
H-2-Ld,17,1,9,9,CASSSTDEQ,43404.60,67
H-2-Dd,27,4,12,9,SLRPGGYAE,43433.72,73
H-2-Kd,42,5,13,9,LKTGGYAEQ,43482.63,97
H-2-Dd,4,1,9,9,CASSGDSQD,43545.23,74
H-2-Dd,3,5,13,9,DAGTYYAEQ,43552.31,74
H-2-Dd,4,3,11,9,SSGDSQDTQ,43598.99,74
H-2-Dd,11,3,11,9,SSERTGGEQ,43609.37,74
H-2-Dd,24,4,12,9,SLRQGGYAE,43628.24,74
H-2-Dd,35,3,11,9,SGGTDQDTQ,43641.47,74
H-2-Kd,3,5,13,9,DAGTYYAEQ,43662.72,98
H-2-Kd,35,3,11,9,SGGTDQDTQ,43701.46,98
H-2-Dd,6,1,9,9,CASSDVGER,43741.67,75
H-2-Ld,43,4,12,9,SRPGVGYAE,43765.82,70
H-2-Ld,38,3,11,9,SSETGTNTE,43784.76,70
H-2-Dd,1,4,12,9,SLRTGGYAE,43791.88,76
H-2-Dd,20,4,12,9,SIRQGGYAE,43830.73,76
H-2-Ld,5,2,10,9,ASSRTGGEQ,43879.15,71
H-2-Ld,21,5,13,9,LRQGGYAEQ,43930.91,71
H-2-Ld,24,5,13,9,LRQGGYAEQ,43930.91,71
H-2-Ld,39,3,11,9,SRPTGIYEQ,43930.91,71
H-2-Ld,8,5,13,9,LRLGGYAEQ,43935.19,71
H-2-Ld,22,3,11,9,SSGREGAEQ,43993.71,72
H-2-Ld,11,3,11,9,SSERTGGEQ,44019.42,72
H-2-Dd,5,2,10,9,ASSRTGGEQ,44046.11,78
H-2-Ld,34,3,11,9,SRPTGSYEQ,44129.11,73
H-2-Dd,32,1,9,9,CASGGGYEQ,44135.80,79
H-2-Dd,31,1,9,9,CASGDGDIT,44183.10,79
H-2-Ld,11,1,9,9,CASSERTGG,44341.12,75
H-2-Dd,11,4,12,9,SERTGGEQY,44355.05,81
H-2-Dd,43,5,13,9,RPGVGYAEQ,44449.69,81
H-2-Dd,3,4,12,9,GDAGTYYAE,44502.12,82
H-2-Ld,31,1,9,9,CASGDGDIT,44552.23,77
H-2-Ld,31,4,12,9,GDGDITYEQ,44552.72,77
H-2-Dd,37,4,12,9,SFWGVYAEQ,44658.90,83
H-2-Ld,4,3,11,9,SSGDSQDTQ,44681.14,78
H-2-Dd,42,4,12,9,SLKTGGYAE,44702.41,83
H-2-Ld,35,3,11,9,SGGTDQDTQ,44760.97,79
H-2-Ld,6,1,9,9,CASSDVGER,44773.56,79
H-2-Ld,38,1,9,9,CASSETGTN,44839.99,80
H-2-Ld,12,1,9,9,CASSDGWGQ,44853.09,80
H-2-Ld,10,5,13,9,SRTGGYAEQ,44877.37,80
H-2-Ld,26,3,11,9,SSERDRGAE,44878.32,80
H-2-Ld,5,1,9,9,CASSRTGGE,44880.27,80
H-2-Dd,15,4,12,9,SIKTGGYAE,44920.60,85
H-2-Dd,21,4,12,9,ALRQGGYAE,45059.81,86
H-2-Kd,31,4,12,9,GDGDITYEQ,45070.54,100
H-2-Dd,12,1,9,9,CASSDGWGQ,45202.89,88
H-2-Ld,26,2,10,9,ASSERDRGA,45278.75,84
H-2-Ld,26,1,9,9,CASSERDRG,45279.75,84
H-2-Ld,16,4,12,9,ARTGNYAEQ,45498.76,86
H-2-Ld,28,5,13,9,QRVGGYAEQ,45539.65,86
H-2-Ld,19,5,13,9,TRTGGYAEQ,45757.47,88
H-2-Dd,4,2,10,9,ASSGDSQDT,45954.93,93
H-2-Ld,11,2,10,9,ASSERTGGE,46054.00,90
H-2-Ld,4,1,9,9,CASSGDSQD,46094.85,91
H-2-Ld,1,5,13,9,LRTGGYAEQ,46129.79,91
H-2-Dd,10,5,13,9,SRTGGYAEQ,46173.73,95
H-2-Dd,8,5,13,9,LRLGGYAEQ,46192.22,95
H-2-Ld,4,2,10,9,ASSGDSQDT,46218.71,92
H-2-Ld,27,5,13,9,LRPGGYAEQ,46228.73,92
H-2-Dd,16,4,12,9,ARTGNYAEQ,46241.22,95
H-2-Ld,15,5,13,9,IKTGGYAEQ,46281.77,92
H-2-Dd,20,5,13,9,IRQGGYAEQ,46316.34,95
H-2-Dd,26,4,12,9,SERDRGAEQ,46541.90,97
H-2-Ld,22,2,10,9,ASSGREGAE,46585.71,94
H-2-Ld,35,1,9,9,CASGGTDQD,46606.39,94
H-2-Dd,21,5,13,9,LRQGGYAEQ,46639.19,97
H-2-Dd,24,5,13,9,LRQGGYAEQ,46639.19,97
H-2-Dd,35,2,10,9,ASGGTDQDT,46676.53,97
H-2-Ld,42,5,13,9,LKTGGYAEQ,46683.61,95
H-2-Dd,15,5,13,9,IKTGGYAEQ,46736.68,98
H-2-Dd,19,5,13,9,TRTGGYAEQ,46761.98,98
H-2-Ld,35,2,10,9,ASGGTDQDT,46841.96,96
H-2-Dd,1,5,13,9,LRTGGYAEQ,46847.55,98
H-2-Dd,42,5,13,9,LKTGGYAEQ,46966.83,99
H-2-Dd,28,5,13,9,QRVGGYAEQ,47110.35,99
H-2-Dd,31,4,12,9,GDGDITYEQ,47653.25,100
